,0
0,"['https://cdn-st.rutubelist.ru/media/84/6b/aec59c63443e847c90bd8a33efc8/fhd.mp4', 'https://cdn-st.rutubelist.ru/media/57/e9/412b21154ed0b315c7007d592f6f/fhd.mp4', 'https://cdn-st.rutubelist.ru/media/57/82/b1389a854516ba0209c2ea6d7ef4/fhd.mp4', 'https://cdn-st.rutubelist.ru/media/07/1c/253740ff452b88183ce0de3d64f3/fhd.mp4']"
2,"['https://cdn-st.rutubelist.ru/media/3c/f1/1dcd53e045aaa842944a08caff7c/fhd.mp4', 'https://cdn-st.rutubelist.ru/media/91/17/37a8ee614008a09865e6ee33eca2/fhd.mp4', 'https://cdn-st.rutubelist.ru/media/a0/13/cd836fef460c8adbf8e92a25b008/fhd.mp4', 'https://cdn-st.rutubelist.ru/media/44/5b/8edbb1b4474794c478b82c378028/fhd.mp4']"
3,"['https://cdn-st.rutubelist.ru/media/65/5a/22f3e2c549efa984a4bec32f8802/fhd.mp4', 'https://cdn-st.rutubelist.ru/media/d7/f8/c6807da84b889cecd4757cce7f95/fhd.mp4', 'https://cdn-st.rutubelist.ru/media/d0/79/aee1b4754dd8910d141bf5f587cd/fhd.mp4', 'https://cdn-st.rutubelist.ru/media/8d/f0/eaa8c0304060adbc7d1d175e73ee/fhd.mp4', 'https://cdn-st.rutubelist.ru/media/96/79/147b97d54b4187f8fc1b4e277be9/fhd.mp4', 'https://cdn-st.rutubelist.ru/media/9a/6c/30074f0c4a7b8a2b5e4d8551b31f/fhd.mp4', 'https://cdn-st.rutubelist.ru/media/8b/b7/02dd3e7f4a6bb1dcffe65abd642b/fhd.mp4']"
4,"['https://cdn-st.rutubelist.ru/media/cb/b5/9f4ce9904f05a020305550d1aed9/fhd.mp4', 'https://cdn-st.rutubelist.ru/media/cb/2b/bb5624ac40cf873293b59043b8f9/fhd.mp4', 'https://cdn-st.rutubelist.ru/media/e7/12/b60a6cf34b2ca85a2b27a2d875b0/fhd.mp4', 'https://cdn-st.rutubelist.ru/media/b1/24/cb0d019648949ce8bb38b3897312/fhd.mp4', 'https://cdn-st.rutubelist.ru/media/92/0a/1917e50a4402b037e391367191b0/fhd.mp4']"
7,"['https://cdn-st.rutubelist.ru/media/76/89/9984562f47f2a1740605d9df9a35/fhd.mp4', 'https://cdn-st.rutubelist.ru/media/6d/d4/1b73d932480e98afba44f7b35bcf/fhd.mp4', 'https://cdn-st.rutubelist.ru/media/10/fe/870dc3984e06b4cd20bd10e81161/fhd.mp4', 'https://cdn-st.rutubelist.ru/media/1b/18/1b46fa594698acd45a7c9ea8877a/fhd.mp4', 'https://cdn-st.rutubelist.ru/media/30/dd/c2c00814489e89a737715ac87541/fhd.mp4']"
10,"['https://cdn-st.rutubelist.ru/media/35/69/6737c4c54274967d2aabd4f4a50d/fhd.mp4', 'https://cdn-st.rutubelist.ru/media/c7/68/d123137c41838dfa06fb238d3241/fhd.mp4', 'https://cdn-st.rutubelist.ru/media/13/e0/e28c76334dedabff13c53dbb93c2/fhd.mp4', 'https://cdn-st.rutubelist.ru/media/88/27/1ceca0ee4de0bb6c6826060b47f1/fhd.mp4', 'https://cdn-st.rutubelist.ru/media/6c/aa/a26f719c49229767a4ab3150b7bf/fhd.mp4']"
12,"['https://cdn-st.rutubelist.ru/media/18/36/dddfe7eb4a56808a3cde696e9bc4/fhd.mp4', 'https://cdn-st.rutubelist.ru/media/cd/a5/a1df045a4446875db9331046bd4a/fhd.mp4', 'https://cdn-st.rutubelist.ru/media/02/66/81bf465642c1946ebeef8452d0bb/fhd.mp4', 'https://cdn-st.rutubelist.ru/media/70/d7/4fa09eb445d0bb24368edfd74862/fhd.mp4', 'https://cdn-st.rutubelist.ru/media/e7/7d/37a6137b4f669181aa1908c5d89d/fhd.mp4', 'https://cdn-st.rutubelist.ru/media/31/6d/0c985bac439486a2f3963b64fbb4/fhd.mp4', 'https://cdn-st.rutubelist.ru/media/35/fe/cc926c604ea58a85ba33ec3d1275/fhd.mp4']"
13,"['https://cdn-st.rutubelist.ru/media/d7/f8/c6807da84b889cecd4757cce7f95/fhd.mp4', 'https://cdn-st.rutubelist.ru/media/b9/69/5845903b4a4ca15bb31fd1c9f9d0/fhd.mp4', 'https://cdn-st.rutubelist.ru/media/c4/2e/86f6f4464fb3ae2f37f4698d386e/fhd.mp4', 'https://cdn-st.rutubelist.ru/media/44/5b/8edbb1b4474794c478b82c378028/fhd.mp4']"
17,"['https://cdn-st.rutubelist.ru/media/7e/f7/8d36248a4bdb9daad23e3f2bf9ea/fhd.mp4', 'https://cdn-st.rutubelist.ru/media/7d/65/9f9546504af285e47fd16f24e6e8/fhd.mp4', 'https://cdn-st.rutubelist.ru/media/05/2a/12cf97ff42179b790e311829c26c/fhd.mp4', 'https://cdn-st.rutubelist.ru/media/b0/78/d0397ec6476ea9889edddf050bf4/fhd.mp4', 'https://cdn-st.rutubelist.ru/media/0d/9c/1522c5ee4aca907b360ab84bb582/fhd.mp4']"
21,"['https://cdn-st.rutubelist.ru/media/d2/2c/3e150cc64b12baef302710bf8f4d/fhd.mp4', 'https://cdn-st.rutubelist.ru/media/62/80/4be7af384a268c519a5fdd9a9f8f/fhd.mp4', 'https://cdn-st.rutubelist.ru/media/3c/9c/981da1d1420c945f8abf3f4b553a/fhd.mp4', 'https://cdn-st.rutubelist.ru/media/b4/2e/3784cc95424b8a18f12c7198b1ef/fhd.mp4', 'https://cdn-st.rutubelist.ru/media/63/4f/0a0df6374cc9ac15bbbc4507e97a/fhd.mp4', 'https://cdn-st.rutubelist.ru/media/d3/b3/f29e5f664222b17c925bcaf526c8/fhd.mp4']"
22,"['https://cdn-st.rutubelist.ru/media/38/47/3c7b82eb4628bf3e997554c5679d/fhd.mp4', 'https://cdn-st.rutubelist.ru/media/73/f0/60dd9b864d92a4a2dcbecefb921c/fhd.mp4', 'https://cdn-st.rutubelist.ru/media/45/5c/b1f1cdcb47488cfc1e9ba7748c64/fhd.mp4', 'https://cdn-st.rutubelist.ru/media/62/e7/41c08aaa4d0c82eee5fa169c7320/fhd.mp4', 'https://cdn-st.rutubelist.ru/media/77/d3/f9ed9ae84bcbb11769b6d8aa1f72/fhd.mp4']"
25,"['https://cdn-st.rutubelist.ru/media/eb/b7/91d1dced470b9d6fe9d69a7e146a/fhd.mp4', 'https://cdn-st.rutubelist.ru/media/85/2f/9c4261d44a63bd8fa454b23f88bd/fhd.mp4', 'https://cdn-st.rutubelist.ru/media/f7/35/0d96b4f74bbc9cf9e86cafa86c3b/fhd.mp4', 'https://cdn-st.rutubelist.ru/media/60/79/9107cd374ed78f4645a328b6bc26/fhd.mp4', 'https://cdn-st.rutubelist.ru/media/46/0e/aeec0f19481292b8622f4a9e8a0c/fhd.mp4']"
28,"['https://cdn-st.rutubelist.ru/media/c5/d4/bbc93d3b4e38b2665978131d9fa4/fhd.mp4', 'https://cdn-st.rutubelist.ru/media/3d/b1/9be083fe48dfa50517bbe72bd30a/fhd.mp4', 'https://cdn-st.rutubelist.ru/media/89/7f/f20f17624c73b47fe241a407ebe9/fhd.mp4', 'https://cdn-st.rutubelist.ru/media/23/84/48edb6db4e97a21e1a253b098379/fhd.mp4', 'https://cdn-st.rutubelist.ru/media/f0/f8/6d40d1ab4299b0dfc992db87331b/fhd.mp4', 'https://cdn-st.rutubelist.ru/media/e3/9e/cfec72c74fd997718493b50dc558/fhd.mp4', 'https://cdn-st.rutubelist.ru/media/ef/75/0c40b1474d479b4482672920807d/fhd.mp4', 'https://cdn-st.rutubelist.ru/media/42/c9/45c3d0e34002b967f72e935f6dec/fhd.mp4', 'https://cdn-st.rutubelist.ru/media/02/ea/02ce794b4c048a6b43a825ba8d99/fhd.mp4']"
29,"['https://cdn-st.rutubelist.ru/media/ee/32/fa9169cb4359a50027dc601fdc17/fhd.mp4', 'https://cdn-st.rutubelist.ru/media/3c/42/528351ef42b5ae3d6a35b1e9f57e/fhd.mp4', 'https://cdn-st.rutubelist.ru/media/5e/77/4305656342ec881d6b59e6680fc9/fhd.mp4', 'https://cdn-st.rutubelist.ru/media/18/f5/c91622a54284a8f0d8c92b5c663c/fhd.mp4']"
30,"['https://cdn-st.rutubelist.ru/media/09/4f/8c32a2294c71bbdcbda6aad1aaa1/fhd.mp4', 'https://cdn-st.rutubelist.ru/media/71/af/eaf8036442c4bf2b500c7966731e/fhd.mp4', 'https://cdn-st.rutubelist.ru/media/84/54/3249e7984e6e88336d97d3ca2aeb/fhd.mp4', 'https://cdn-st.rutubelist.ru/media/89/58/f23c6c0d440dac06fa0edd7d9ccb/fhd.mp4', 'https://cdn-st.rutubelist.ru/media/08/12/f42633464a3196dae46bfbfced12/fhd.mp4', 'https://cdn-st.rutubelist.ru/media/b3/c5/cbb219e14570afc69cda256e79cc/fhd.mp4', 'https://cdn-st.rutubelist.ru/media/22/bd/1a69972740488e95245211b392b7/fhd.mp4', 'https://cdn-st.rutubelist.ru/media/d5/34/488cb7b54e228d6f780f51e8cbbc/fhd.mp4']"
33,"['https://cdn-st.rutubelist.ru/media/bf/38/58c8a0d846ae9a86aa61f4356402/fhd.mp4', 'https://cdn-st.rutubelist.ru/media/af/53/387513a24625ac1d9a11eaa0f07c/fhd.mp4', 'https://cdn-st.rutubelist.ru/media/8a/c2/f4fc058848bb89c3e88d999b9475/fhd.mp4', 'https://cdn-st.rutubelist.ru/media/5c/5a/c15a66ed4d90ae594f87d107e34f/fhd.mp4', 'https://cdn-st.rutubelist.ru/media/7b/07/0ebeb56c41d184402b598af1936d/fhd.mp4']"
35,"['https://cdn-st.rutubelist.ru/media/98/7c/57e2437149228206d4c1788f4f0d/fhd.mp4', 'https://cdn-st.rutubelist.ru/media/9f/cc/52c7a1844082a729ae8cc9d80e00/fhd.mp4', 'https://cdn-st.rutubelist.ru/media/6c/68/442c41354531a469184d9bdf012e/fhd.mp4', 'https://cdn-st.rutubelist.ru/media/d0/6d/e2c2a3fd4e919c900fcec047466a/fhd.mp4', 'https://cdn-st.rutubelist.ru/media/d8/76/d94401a04bd1b4a0bf996f89aefc/fhd.mp4', 'https://cdn-st.rutubelist.ru/media/b3/2c/3c4358404907b821115a44b55ffe/fhd.mp4', 'https://cdn-st.rutubelist.ru/media/42/e9/5ad7ff614c5c883659a15fe82d42/fhd.mp4', 'https://cdn-st.rutubelist.ru/media/07/f1/dc7d1f5a4370a81ddc0109ddb67a/fhd.mp4', 'https://cdn-st.rutubelist.ru/media/f7/ee/ff93426a45268d92e7898aa17c97/fhd.mp4', 'https://cdn-st.rutubelist.ru/media/3d/58/8bed71754fde8bbb239fd578576c/fhd.mp4', 'https://cdn-st.rutubelist.ru/media/f6/ff/23cd9a484145b7b9228846a7bee1/fhd.mp4', 'https://cdn-st.rutubelist.ru/media/0e/d2/691cd8f0403d9a7b936d563d1f08/fhd.mp4', 'https://cdn-st.rutubelist.ru/media/9b/69/3898d733431d89aa6aef58ef44f5/fhd.mp4']"
36,"['https://cdn-st.rutubelist.ru/media/58/cc/c7f3f00e404c92e04a33ec4dda88/fhd.mp4', 'https://cdn-st.rutubelist.ru/media/fc/38/57eb15ab463d8587dc37797d94e4/fhd.mp4', 'https://cdn-st.rutubelist.ru/media/2c/d0/5ec9d42e4aefbd7dce03db0a0003/fhd.mp4', 'https://cdn-st.rutubelist.ru/media/71/8a/b61157f14a00820e9b615ed1db6c/fhd.mp4', 'https://cdn-st.rutubelist.ru/media/4b/33/ef1ee4924a459862c5faabecc01f/fhd.mp4', 'https://cdn-st.rutubelist.ru/media/82/19/ceae60414ddf95789806a35c6019/fhd.mp4', 'https://cdn-st.rutubelist.ru/media/d6/16/410e84a34e4f81def5077e55a710/fhd.mp4', 'https://cdn-st.rutubelist.ru/media/f6/9c/9cb638af439da69fa6ef4665b2d2/fhd.mp4']"
41,"['https://cdn-st.rutubelist.ru/media/fc/3a/6ffe55244d2aabe8f02d4edb76d7/fhd.mp4', 'https://cdn-st.rutubelist.ru/media/5d/45/ce15e173436d8f6261a4b7570ef9/fhd.mp4', 'https://cdn-st.rutubelist.ru/media/5f/20/bdf32b4040319c9504b54e2d28e4/fhd.mp4', 'https://cdn-st.rutubelist.ru/media/04/1a/604a33014b7c9029fb2b60b7ed5f/fhd.mp4', 'https://cdn-st.rutubelist.ru/media/7c/1b/61de75ee431d8f011cd8cb783f72/fhd.mp4', 'https://cdn-st.rutubelist.ru/media/39/fb/9b0a560f4efd829915ba4e16f7a5/fhd.mp4', 'https://cdn-st.rutubelist.ru/media/f3/e9/9c21b63e4d918f884cb926973154/fhd.mp4', 'https://cdn-st.rutubelist.ru/media/9f/84/e02681eb4f2dbb9fbe7c5c32c0db/fhd.mp4', 'https://cdn-st.rutubelist.ru/media/c6/c2/5478a7844f09a3d44f11e8e52614/fhd.mp4', 'https://cdn-st.rutubelist.ru/media/51/b1/60cd192a44c2950843f9368fc125/fhd.mp4', 'https://cdn-st.rutubelist.ru/media/c2/1c/c840a63644d8ba6e8cbe5fc7a9d3/fhd.mp4', 'https://cdn-st.rutubelist.ru/media/d4/87/a213431646f78565a9c8b9af6316/fhd.mp4', 'https://cdn-st.rutubelist.ru/media/73/48/a60d1eae427782bf1249e62061e1/fhd.mp4', 'https://cdn-st.rutubelist.ru/media/9b/f2/bec627214cea8fff309c25f94d13/fhd.mp4']"
42,"['https://cdn-st.rutubelist.ru/media/e1/4d/9087b6414c4fa8063b872261024b/fhd.mp4', 'https://cdn-st.rutubelist.ru/media/b8/a7/5b9cf09546969c9bc045d7c2f7a4/fhd.mp4', 'https://cdn-st.rutubelist.ru/media/92/61/bdf22b48445584a95e0a895080bf/fhd.mp4', 'https://cdn-st.rutubelist.ru/media/1d/f8/885abd8e46b2be1e4de87f4a35b0/fhd.mp4', 'https://cdn-st.rutubelist.ru/media/71/aa/07ed4b9549e68c0d3a329d8e8681/fhd.mp4', 'https://cdn-st.rutubelist.ru/media/b7/95/c82bd8874bd78df50474e73c7b3b/fhd.mp4', 'https://cdn-st.rutubelist.ru/media/6e/83/21c953184ff3978e88f3893eaad4/fhd.mp4', 'https://cdn-st.rutubelist.ru/media/45/83/11f77dfd49d8bfcdbbcc3b280550/fhd.mp4', 'https://cdn-st.rutubelist.ru/media/be/2e/69938cc74642b7bf72e697608db7/fhd.mp4', 'https://cdn-st.rutubelist.ru/media/ae/c7/0c4ff8aa4e47a6ea0382cfa2d4de/fhd.mp4', 'https://cdn-st.rutubelist.ru/media/a4/7f/6280af7643fd8090b4020fc023be/fhd.mp4']"
